,test_auc,test_accuracy,test_recall_macro,test_precision_macro,test_f1_macro
0,0.8499025121415089,0.7607142857142857,0.7654396662974647,0.7672664108462841,0.7603568091253411
