,test_auc,test_accuracy,test_recall_macro,test_precision_macro,test_f1_macro
0,0.6991849705042338,0.6303571428571428,0.6406961076204498,0.6055839981745531,0.5932496376088761
