,ModelName,fit_time,score_time,test_accuracy,test_f1,test_precision,test_recall
0,roberta-large,21.459313797950745,0.012121844291687011,0.8857142857142858,0.8860047015914368,0.8832413465886104,0.890756061901205
1,ICA,7.03773307800293,0.006438779830932617,0.8625,0.870827459836104,0.8202375772333405,0.9305670169587505
